{"cameraMode":{"drawMode":0,"name":"Shaded","section":"Shading Mode"},"sceneLighting":true,"audioPlay":false,"sceneViewState":{"showFog":true,"showMaterialUpdate":false,"showSkybox":false,"showFlares":true,"showImageEffects":true,"showParticleSystems":true},"in2DMode":false,"pivot":{"x":3.8299999237060549,"y":1.0,"z":-0.5199999809265137},"rotation":{"x":0.05130815505981445,"y":0.005428324453532696,"z":0.00037870652158744633,"w":0.998936653137207},"size":0.8660253882408142,"orthographic":false}