{"cameraMode":{"drawMode":0,"name":"Shaded","section":"Shading Mode"},"sceneLighting":false,"audioPlay":false,"sceneViewState":{"showFog":true,"showMaterialUpdate":false,"showSkybox":false,"showFlares":true,"showImageEffects":true,"showParticleSystems":true},"in2DMode":false,"pivot":{"x":1.510080099105835,"y":1.0331320762634278,"z":5.202432155609131},"rotation":{"x":-0.06802628189325333,"y":0.8399147987365723,"z":-0.10780941694974899,"w":-0.5277342796325684},"size":1.38088059425354,"orthographic":false}