{"cameraMode":{"drawMode":0,"name":"Shaded","section":"Shading Mode"},"sceneLighting":false,"audioPlay":false,"sceneViewState":{"showFog":true,"showMaterialUpdate":false,"showSkybox":false,"showFlares":true,"showImageEffects":true,"showParticleSystems":true},"in2DMode":false,"pivot":{"x":5.210000038146973,"y":3.390000104904175,"z":0.5799999237060547},"rotation":{"x":-0.02305561862885952,"y":0.6010974049568176,"z":-0.017286241054534913,"w":-0.798949658870697},"size":8.486406326293946,"orthographic":false}