{"cameraMode":{"drawMode":0,"name":"Shaded","section":"Shading Mode"},"sceneLighting":false,"audioPlay":false,"sceneViewState":{"showFog":true,"showMaterialUpdate":false,"showSkybox":false,"showFlares":true,"showImageEffects":true,"showParticleSystems":true},"in2DMode":false,"pivot":{"x":1.510080099105835,"y":1.0331320762634278,"z":5.202432155609131},"rotation":{"x":-0.04351545497775078,"y":0.952032208442688,"z":-0.2576230466365814,"w":-0.15994887053966523},"size":0.7808806300163269,"orthographic":false}