{"cameraMode":{"drawMode":0,"name":"Shaded","section":"Shading Mode"},"sceneLighting":true,"audioPlay":false,"sceneViewState":{"showFog":true,"showMaterialUpdate":false,"showSkybox":false,"showFlares":true,"showImageEffects":true,"showParticleSystems":true},"in2DMode":false,"pivot":{"x":0.5178406834602356,"y":0.9860116243362427,"z":6.0684099197387699},"rotation":{"x":0.028753912076354028,"y":0.6933273673057556,"z":0.02806936204433441,"w":-0.7196481227874756},"size":0.8979148268699646,"orthographic":false}