{"cameraMode":{"drawMode":0,"name":"Shaded","section":"Shading Mode"},"sceneLighting":true,"audioPlay":false,"sceneViewState":{"showFog":true,"showMaterialUpdate":false,"showSkybox":true,"showFlares":true,"showImageEffects":true,"showParticleSystems":true},"in2DMode":false,"pivot":{"x":2.4250569343566896,"y":-2.327208995819092,"z":2.109553337097168},"rotation":{"x":0.3080108165740967,"y":-0.06729475408792496,"z":0.02184956893324852,"w":0.9490702152252197},"size":6.557504653930664,"orthographic":false}