{"cameraMode":{"drawMode":0,"name":"Shaded","section":"Shading Mode"},"sceneLighting":true,"audioPlay":false,"sceneViewState":{"showFog":true,"showMaterialUpdate":false,"showSkybox":false,"showFlares":true,"showImageEffects":true,"showParticleSystems":true},"in2DMode":false,"pivot":{"x":0.5450000166893005,"y":1.3760000467300416,"z":5.960000038146973},"rotation":{"x":0.04278600960969925,"y":0.8328838348388672,"z":0.06477035582065582,"w":-0.5483961701393127},"size":0.8979148268699646,"orthographic":false}