{"cameraMode":{"drawMode":0,"name":"Shaded","section":"Shading Mode"},"sceneLighting":true,"audioPlay":false,"sceneViewState":{"showFog":true,"showMaterialUpdate":false,"showSkybox":false,"showFlares":true,"showImageEffects":true,"showParticleSystems":true},"in2DMode":false,"pivot":{"x":0.5450000166893005,"y":1.3760000467300416,"z":5.960000038146973},"rotation":{"x":0.021505145356059076,"y":0.42411577701568606,"z":0.00993660930544138,"w":-0.9055500626564026},"size":2.6979146003723146,"orthographic":false}