{"cameraMode":{"drawMode":0,"name":"Shaded","section":"Shading Mode"},"sceneLighting":false,"audioPlay":false,"sceneViewState":{"showFog":true,"showMaterialUpdate":false,"showSkybox":false,"showFlares":true,"showImageEffects":true,"showParticleSystems":true},"in2DMode":false,"pivot":{"x":-8.67039680480957,"y":1.1062202453613282,"z":-5.594967365264893},"rotation":{"x":-0.09430309385061264,"y":0.7025573253631592,"z":-0.09439199417829514,"w":-0.699163556098938},"size":2.5011258125305177,"orthographic":false}