{"cameraMode":{"drawMode":0,"name":"Shaded","section":"Shading Mode"},"sceneLighting":false,"audioPlay":false,"sceneViewState":{"showFog":true,"showMaterialUpdate":false,"showSkybox":false,"showFlares":true,"showImageEffects":true,"showParticleSystems":true},"in2DMode":false,"pivot":{"x":2.826078176498413,"y":1.0813096761703492,"z":7.358497619628906},"rotation":{"x":-0.12335388362407685,"y":0.8328830003738403,"z":0.20630012452602387,"w":0.49898386001586916},"size":0.6025742292404175,"orthographic":false}