{"cameraMode":{"drawMode":0,"name":"Shaded","section":"Shading Mode"},"sceneLighting":false,"audioPlay":false,"sceneViewState":{"showFog":true,"showMaterialUpdate":false,"showSkybox":false,"showFlares":true,"showImageEffects":true,"showParticleSystems":true},"in2DMode":false,"pivot":{"x":3.553999900817871,"y":1.7050000429153443,"z":-1.5460000038146973},"rotation":{"x":-0.21012063324451447,"y":0.03813081979751587,"z":-0.008220747113227845,"w":-0.9771320223808289},"size":0.0979795902967453,"orthographic":false}