{"cameraMode":{"drawMode":0,"name":"Shaded","section":"Shading Mode"},"sceneLighting":true,"audioPlay":false,"sceneViewState":{"showFog":true,"showMaterialUpdate":false,"showSkybox":false,"showFlares":true,"showImageEffects":true,"showParticleSystems":true},"in2DMode":false,"pivot":{"x":-2.7960000038146974,"y":1.0,"z":7.639999866485596},"rotation":{"x":0.08868362009525299,"y":0.7628405690193176,"z":-0.10751507431268692,"w":0.6315525770187378},"size":0.6990377902984619,"orthographic":false}