{"cameraMode":{"drawMode":0,"name":"Shaded","section":"Shading Mode"},"sceneLighting":false,"audioPlay":false,"sceneViewState":{"showFog":true,"showMaterialUpdate":false,"showSkybox":false,"showFlares":true,"showImageEffects":true,"showParticleSystems":true},"in2DMode":false,"pivot":{"x":20.81999969482422,"y":3.359999895095825,"z":3.4800000190734865},"rotation":{"x":0.034522607922554019,"y":0.13394394516944886,"z":-0.004487720318138599,"w":0.9905632734298706},"size":1.7320506572723389,"orthographic":false}