{"cameraMode":{"drawMode":0,"name":"Shaded","section":"Shading Mode"},"sceneLighting":false,"audioPlay":false,"sceneViewState":{"showFog":true,"showMaterialUpdate":false,"showSkybox":false,"showFlares":true,"showImageEffects":true,"showParticleSystems":true},"in2DMode":false,"pivot":{"x":2.771648406982422,"y":1.4656000137329102,"z":6.711686134338379},"rotation":{"x":0.10635591298341751,"y":0.8790608048439026,"z":0.23321689665317536,"w":-0.4021925926208496},"size":0.8974258303642273,"orthographic":false}