{"cameraMode":{"drawMode":0,"name":"Shaded","section":"Shading Mode"},"sceneLighting":false,"audioPlay":false,"sceneViewState":{"showFog":true,"showMaterialUpdate":false,"showSkybox":false,"showFlares":true,"showImageEffects":true,"showParticleSystems":true},"in2DMode":false,"pivot":{"x":0.012786865234375,"y":0.9692991971969605,"z":7.689150810241699},"rotation":{"x":0.06921294331550598,"y":-0.9302313327789307,"z":0.23537679016590119,"w":0.27375712990760805},"size":0.85307377576828,"orthographic":false}