{"cameraMode":{"drawMode":0,"name":"Shaded","section":"Shading Mode"},"sceneLighting":false,"audioPlay":false,"sceneViewState":{"showFog":true,"showMaterialUpdate":false,"showSkybox":false,"showFlares":true,"showImageEffects":true,"showParticleSystems":true},"in2DMode":false,"pivot":{"x":-2.7960000038146974,"y":1.0,"z":7.639999866485596},"rotation":{"x":0.09657786786556244,"y":0.7276358604431152,"z":-0.10459151118993759,"w":0.6713712811470032},"size":0.6990379095077515,"orthographic":false}